partner_member_id,first_name,last_name,date_of_birth,email,policy_start,policy_end
PM-1001,Alice,Nguyen,1990-04-12,alice.nguyen@example.com,2024-01-01,2024-12-31
PM-1002,Ben,Ochieng,1985-11-02,ben.ochieng@example.com,2024-02-01,2025-01-31
PM-1003,Carla,Smith,1978-07-19,carla.smith@example.com,2023-06-01,2024-05-31
PM-1004,Dev,Patel,1992-03-08,,2024-01-01,2024-12-31
PM-1005,Elin,Karlsson,1988-09-23,elin.karlsson[at]example.com,2024-01-01,2024-12-31
PM-1006,Farid,Haidari,23/09/1990,farid.haidari@example.com,2024-01-01,2024-12-31
PM-1007,Grace,OConnor,1995-01-15,grace.oconnor@example.com,2024-06-01,2024-01-01
,Harry,Kim,1993-12-30,harry.kim@example.com,2024-01-01,2024-12-31
PM-1009,Ivy,Tan,1991-05-20,ivy.tan@example.com,2024-01-01
